,callDateTime,priority,district,description,callNumber,incidentLocation,location
0,7/13/2015 10:41,Medium,CD,SEE TEXT,P151941002,0 N CALVERT ST,"(39.2899299,-76.6123462)"
1,7/13/2015 10:47,Medium,CD,911/NO  VOICE,P151941003,600 E FAYETTE ST,"(39.2906737,-76.6071600)"
2,7/13/2015 10:42,Medium,CD,911/NO  VOICE,P151941004,200 E BALTIMORE ST,"(39.2898910,-76.6120720)"
3,7/13/2015 10:45,Low,CD,PRKG COMPLAINT,P151941005,800 PARK AV,"(39.2985163,-76.6184754)"
4,7/13/2015 10:46,Medium,SW,AUTO THEFT,P151941006,3500 CLIFTON AV,"(39.3112130,-76.6763150)"
5,7/13/2015 10:47,Medium,ND,FAMILY DISTURB,P151941007,2700 N CALVERT ST,"(39.3208510,-76.6147390)"
6,7/13/2015 10:46,High,WD,SILENT ALARM,P151941008,2100 W NORTH AV,"(39.3097096,-76.6513109)"
7,7/13/2015 10:49,Low,SW,AUTO ACCIDENT,P151941010,3100 WILKENS AV,"(39.2756929,-76.6664179)"
8,7/13/2015 10:48,Medium,NE,FAMILY DISTURB,P151941011,4800 GILRAY DR,"(39.3483090,-76.5768440)"
9,7/13/2015 10:49,Medium,ND,NARCOTICSOutside,P151941012,W GARRISON AV/PIMLICO RD,"(39.349653,-76.669145)"
10,7/13/2015 10:49,Low,CD,UNKNOWN TROUBLE,P151941013,400 W FRANKLIN ST,"(39.2950980,-76.6214710)"
11,7/13/2015 10:52,Non-Emergency,CD,FOLLOW UP,P151941014,1500 PENNSYLVANIA AV,"(39.3022430,-76.6330752)"
12,7/13/2015 10:52,High,SW,AUTO ACC/INJURY,P151941015,1100 COOKS LN,"(39.2981477,-76.7098689)"
13,7/13/2015 10:53,Non-Emergency,SW,Repairs/Service,P151941016,100,"(39.3810499,-76.6572571)"
14,7/13/2015 10:51,Low,CD,AUTO ACCIDENT,P151941017,W LOMBARD ST/S GREENE ST,"(39.287402,-76.623583)"
15,7/13/2015 10:54,High,SW,AUTO ACC/INJURY,P151941018,1200 COOKS LN,"(39.2990896,-76.7111397)"
16,7/13/2015 10:54,Medium,SE,DISORDERLY,P151941020,3300 E FAYETTE ST,"(39.2950660,-76.5708960)"
17,7/13/2015 10:53,Low,SE,INVESTIGATE,P151941021,3300 E FAYETTE ST,"(39.2950660,-76.5708960)"
18,7/13/2015 10:53,Medium,SD,NARCOTICSOutside,P151941022,1900 BLK LEMMON ST,"(39.2856830,-76.6467971)"
19,7/13/2015 10:53,Medium,SW,911/NO  VOICE,P151941023,900 S CATON AV,"(39.2724121,-76.6723831)"
20,7/13/2015 10:54,Low,NE,OTHER,P151941024,1600 STONEWOOD RD,"(39.3487599,-76.5876087)"
21,7/13/2015 10:54,Non-Emergency,ND,Private Tow,P151941025,2000 MARYLAND AV,"(39.3126394,-76.6186925)"
22,7/13/2015 10:54,Medium,WD,BURGLARY,P151941026,1600 BRUCE CT,"(39.3066998,-76.6457852)"
23,7/13/2015 10:55,Low,CW,RECOVERED VEH,P151941027,2900 WESTWOOD AV,"(39.3083389,-76.6662570)"
24,7/13/2015 10:53,Medium,WD,SUSPICIOUS PERS,P151941028,2100 N SMALLWOOD ST,"(39.3118690,-76.6531200)"
25,7/13/2015 10:50,Medium,CD,911/NO  VOICE,P151941029,200 N PACA ST,"(39.2918833,-76.6226802)"
26,7/13/2015 10:55,Medium,ND,BURGLARY,P151941030,3500 CHESTNUT AV,"(39.3300300,-76.6296080)"
27,7/13/2015 10:53,Medium,SE,CHK WELLBEING,P151941031,6700 GARY AV,"(39.2803870,-76.5338650)"
28,7/13/2015 10:54,Medium,CD,911/NO  VOICE,P151941032,500 N CHARLES ST,"(39.2951171,-76.6155403)"
29,7/13/2015 10:54,High,SE,SILENT ALARM,P151941033,2600 E BALTIMORE ST,"(39.2922790,-76.5802860)"
30,7/13/2015 10:51,Low,CD,DESTRUCT PROPTY,P151941034,1500 PARK AV,"(39.3075460,-76.6253770)"
31,7/13/2015 10:54,Low,NW,FALSE PRETENSE,P151941035,5900 PARK HEIGHTS AV,"(39.3558016,-76.6889025)"
32,7/13/2015 10:55,Medium,SW,AUTO ACCIDENT,P151941036,1200 COOKS LN,"(39.2990896,-76.7111397)"
33,7/13/2015 10:56,Medium,SE,911/NO  VOICE,P151941038,2100 BOSTON ST,"(39.2846619,-76.5866615)"
34,7/13/2015 10:57,Medium,SE,LARCENY F/AUTO,P151941039,E LOMBARD ST/S COLLINGTON AV,"(39.290677,-76.586158)"
35,7/13/2015 10:57,High,NW,SILENT ALARM,P151941040,4100 MONDAWMIN AV,"(39.3154440,-76.6842720)"
36,7/13/2015 9:33,Non-Emergency,ND,FOLLOW UP,P151941041,1000 W 38TH ST,"(39.3343125,-76.6334187)"
37,7/13/2015 10:58,Low,NW,AUTO ACCIDENT,P151941042,5400 REISTERSTOWN RD,"(39.3460230,-76.6883340)"
38,7/13/2015 10:57,Medium,SW,911/NO  VOICE,P151941043,3200 FREDERICK AV,"(39.2805996,-76.6699645)"
39,7/13/2015 10:58,Non-Emergency,CD,Private Tow,P151941044,1100 BOLTON ST,"(39.3035674,-76.6236311)"
40,7/13/2015 10:49,Non-Emergency,NE,INVESTIGATE AUTO,P151941045,1500 KENNEWICK RD,"(39.3347790,-76.5941570)"
41,7/13/2015 10:59,Low,WD,OTHER,P151941046,1700 W LEXINGTON ST,"(39.2908640,-76.6441260)"
42,7/13/2015 10:56,Low,SW,INVEST,P151941047,N FRANKLINTOWN RD/EDMONDSON AV,"(39.294468,-76.663321)"
43,7/13/2015 10:57,Medium,SE,DISORDERLY,P151941048,3300 E FAYETTE ST,"(39.2950660,-76.5708960)"
44,7/13/2015 11:01,Medium,SD,NARCOTICSOutside,P151941049,1900 W LOMBARD ST,"(39.2863280,-76.6469680)"
45,7/13/2015 11:00,High,ED,SILENT ALARM,P151941050,900 E PRESTON ST,"(39.3051441,-76.6049921)"
46,7/13/2015 11:01,High,ED,SILENT ALARM,P151941051,1600 E CHASE ST,"(39.3033370,-76.5963690)"
47,7/13/2015 11:02,Medium,CD,COMMON ASSAULT,P151941052,0 S PACA ST,"(39.2880705,-76.6222292)"
48,7/13/2015 11:00,Low,ED,DESTRUCT PROPTY,P151941053,1600 E OLIVER ST,"(39.3075970,-76.5963340)"
49,7/13/2015 11:05,Non-Emergency,CW,Tow - DO NOT USE,P151941055,2300 MCCULLOH ST,"(39.3107070,-76.6376230)"
50,7/13/2015 11:04,Medium,CD,911/NO  VOICE,P151941057,600 E FAYETTE ST,"(39.2906737,-76.6071600)"
51,7/13/2015 11:04,Medium,SE,911/NO  VOICE,P151941058,100 N LUZERNE AV,"(39.2932710,-76.5807600)"
52,7/13/2015 11:06,Low,SD,Transport,P151941060,SOUTHERN DISTRICT,"(39.253253,-76.615524)"
53,7/13/2015 11:03,Medium,ED,911/NO  VOICE,P151941061,600 N WOLFE ST,"(39.2972451,-76.5922121)"
54,7/13/2015 11:06,Low,NE,AUTO ACCIDENT,P151941062,E COLD SPRING LN/HARFORD RD,"(39.342808,-76.569129)"
55,7/13/2015 11:06,Medium,ND,AUTO THEFT,P151941064,4200 ST GEORGES AV,"(39.3416280,-76.6031210)"
56,7/13/2015 11:06,Medium,ED,DISORDERLY,P151941065,1600 E CHASE ST,"(39.3033370,-76.5963690)"
57,7/13/2015 11:05,Medium,SE,BURGLARY,P151941067,100 N MILTON AV,"(39.2932140,-76.5822050)"
58,7/13/2015 11:07,High,NE,AUTO ACC/INJURY,P151941068,HARFORD RD/E COLD SPRING LN,"(39.342808,-76.569129)"
59,7/13/2015 11:09,High,NE,AUTO ACC/INJURY,P151941069,HARFORD RD/E COLD SPRING LN,"(39.342808,-76.569129)"
60,7/13/2015 11:09,Non-Emergency,WD,TOWED VEHICLE,P151941070,100 N FULTON AV,"(39.2895849,-76.6452986)"
61,7/13/2015 11:08,Medium,ED,AED NONBREATHING,P151941071,1800 N REGESTER ST,"(39.3110140,-76.5943379)"
62,7/13/2015 11:08,Low,NE,HIT AND RUN,P151941072,E COLD SPRING LN/HARFORD RD,"(39.342808,-76.569129)"
63,5/7/2016 10:59,High,NE,Traffic Stop,P161281026,SINCLAIR LN/EDISON HY,"(39.314322,-76.573130)"
64,5/7/2016 10:57,Medium,CD,NARCOTICSOutside,P161281028,2200 BLK CALLOW AV,"(39.3128040,-76.6317270)"
65,5/7/2016 11:01,High,NE,Traffic Stop,P161281030,WALTHER AV/FRANKFORD AV,"(39.346063,-76.556117)"
66,5/7/2016 10:59,Medium,ED,NARCOTICS INSIDE,P161281031,2100 KENNEDY AV,"(39.3145199,-76.6031121)"
67,5/7/2016 11:00,Medium,SW,AUTO THEFT,P161281032,1000 N ELLAMONT ST,"(39.3005730,-76.6702670)"
68,5/7/2016 11:01,Medium,ND,911/NO  VOICE,P161281033,3800 HOOPER AV,"(39.3338043,-76.6474606)"
69,5/7/2016 11:03,Non-Emergency,NE,Repairs/Service,P161281035,100,"(39.3810499,-76.6572571)"
70,5/7/2016 11:01,Low,SD,INVESTIGATE,P161281036,300 S CALHOUN ST,"(39.2843850,-76.6395579)"
71,5/7/2016 11:03,Medium,SE,911/NO  VOICE,P161281037,700 S EXETER ST,"(39.2832525,-76.6001812)"
72,5/7/2016 11:01,Medium,NW,SUSPICIOUS PERS,P161281038,PIMLICO RD/DUPONT AV,"(39.343880,-76.667756)"
73,5/7/2016 10:49,Medium,NW,NARCOTICSOutside,P161281039,5400 CRISMER AV,"(39.3462410,-76.6898783)"
74,5/5/2015 18:10,Low,ED,Transport,P151252235,H0,"(38.1877274,-76.4306578)"
75,7/13/2015 11:07,Low,NW,INV,P151941073,4000 WOODHAVEN AV,"(39.3210930,-76.6836240)"
76,7/13/2015 11:07,High,SD,AGGRAV ASSAULT,P151941074,2600 SPELMAN RD,"(39.2485699,-76.6292808)"
77,7/13/2015 11:07,Medium,SW,NARCOTICSOutside,P151941075,S SMALLWOOD ST/W PRATT ST,"(39.284957,-76.651306)"
78,7/13/2015 11:12,Medium,CD,911/NO  VOICE,P151941076,1700 EUTAW PL,"(39.3068760,-76.6304080)"
79,7/13/2015 11:10,Medium,SW,MISSING PERSON,P151941077,1500 DESOTO RD,"(39.2673110,-76.6586680)"
80,7/13/2015 11:12,Medium,CD,DISORDERLY,P151941078,S PRESIDENT ST/E LOMBARD ST,"(39.288203,-76.604966)"
81,7/13/2015 11:10,Low,NE,RECOVERED VEH,P151941079,1700 E 30TH ST,"(39.3255630,-76.5918200)"
82,7/13/2015 11:13,Low,CW,OTHER,P151941080,500 ROSE HILL TE,"(39.2903848,-76.6121893)"
83,7/13/2015 11:11,Medium,WD,911/NO  VOICE,P151941081,600 CUMBERLAND ST,"(39.3093283,-76.6416623)"
84,7/13/2015 11:09,Medium,NE,DISORDERLY,P151941082,3500 ELMORA AV,"(39.3159950,-76.5723010)"
85,7/13/2015 11:13,Medium,ED,911/NO  VOICE,P151941083,1600 E CHASE ST,"(39.3033370,-76.5963690)"
86,7/13/2015 11:14,Medium,WD,NARCOTICSOutside,P151941085,200 N MONROE ST,"(39.2906620,-76.6473290)"
87,7/13/2015 11:14,Medium,SE,BURGLARY,P151941086,3800 CLAREMONT ST,"(39.2897152,-76.5648428)"
88,7/13/2015 11:12,Medium,SE,NARCOTICS INSIDE,P151941087,EASTERN AV/KANE ST,"(39.287755,-76.537100)"
89,7/13/2015 11:11,Medium,SW,DISORDERLY,P151941088,1700 POPLAR GROVE ST,"(39.3073200,-76.6659240)"
90,7/13/2015 11:14,Medium,ND,911/NO  VOICE,P151941089,2400 W BELVEDERE AV,"(39.3549016,-76.6622292)"
91,7/13/2015 13:21,Low,SE,AUTO ACCIDENT,P151941504,1600 THAMES ST,"(39.2811520,-76.5948677)"
92,7/13/2015 13:25,Medium,WD,911/NO  VOICE,P151941505,800 N ARLINGTON AV,"(39.2979694,-76.6358250)"
93,7/13/2015 13:27,Medium,ND,UNFOUNDED,P151941506,2300 N CHARLES ST,"(39.3154020,-76.6172200)"
94,7/13/2015 13:25,Medium,ED,911/NO  VOICE,P151941507,600 N WOLFE ST,"(39.2972451,-76.5922121)"
95,7/13/2015 13:24,Low,SD,UNKNOWN TROUBLE,P151941508,1600 WICOMICO ST,"(39.2744811,-76.6355730)"
96,7/13/2015 13:25,Medium,SD,911/NO  VOICE,P151941509,1900 LIGHT ST,"(39.2683330,-76.6122649)"
97,7/13/2015 13:26,Low,SE,AUTO ACCIDENT,P151941510,1600 THAMES ST,"(39.2811520,-76.5948677)"
98,7/13/2015 13:27,Low,ED,INVESTIGATE,P151941511,500 N MADEIRA ST,"(39.2966104,-76.5857710)"
99,7/13/2015 13:26,Medium,SW,DISORDERLY,P151941513,3100 W NORTH AV,"(39.3093340,-76.6695320)"
100,7/13/2015 13:26,Medium,CD,911/NO  VOICE,P151941514,200 N CALVERT ST,"(39.2912379,-76.6124711)"
101,7/13/2015 13:27,Medium,ED,LARCENCY,P151941515,600 FALLSWAY,"(39.2962616,-76.6099423)"
102,7/13/2015 13:27,Medium,SD,BURGLARY,P151941516,3600 6TH ST,"(39.2362482,-76.6023611)"
103,7/13/2015 13:29,Medium,SW,BURGLARY,P151941517,3000 W NORTH AV,"(39.3093320,-76.6677120)"
104,7/13/2015 13:29,Low,CD,INVESTIGAGTE,P151941518,600 E FAYETTE ST,"(39.2906737,-76.6071600)"
105,7/13/2015 13:30,Non-Emergency,WD,TOWED VEHICLE,P151941519,3000 W LANVALE ST,"(39.2971815,-76.6672415)"
106,7/13/2015 13:30,Low,ED,INVESTIGATE,P151941520,2600 MURA ST,"(39.3054782,-76.5808770)"
107,4/27/2015 11:13,,SW,BURGLARY,P151170971,100 S CULVER ST,"(39.2851810,-76.6786740)"
108,4/27/2015 11:16,Medium,SE,911/NO  VOICE,P151170972,2100 BOSTON ST,"(39.2846619,-76.5866615)"
109,4/27/2015 11:13,Medium,CD,HIT AND RUN,P151170973,N PACA ST/W BALTIMORE ST,"(39.289257,-76.622272)"
110,4/27/2015 11:21,Low,SW,Transport,P151170975,200,"(39.2912369,-76.6124710)"
111,4/27/2015 11:21,Medium,CD,BURGLARY,P151170976,1800 DIVISION ST,"(39.3051017,-76.6347725)"
112,4/27/2015 11:21,Low,SD,OTHER,P151170977,1600 COLE ST,"(39.2823533,-76.6423985)"
113,7/13/2015 11:06,Medium,SD,MISSING PERSON,P151941090,800 GLADE CT,"(39.2297497,-76.6009878)"
114,7/13/2015 11:15,Medium,SW,BURGLARY,P151941092,3700 CRANSTON AV,"(39.2966900,-76.6790120)"
115,7/13/2015 11:15,Medium,CD,911/NO  VOICE,P151941093,200 LIGHT ST,"(39.2869477,-76.6135979)"
116,7/13/2015 11:12,Medium,NW,POLICE INFO,P151941094,5900 PARK HEIGHTS AV,"(39.3558016,-76.6889025)"
117,7/13/2015 11:16,Low,CD,INVEST,P151941095,0 E PRATT ST,"(39.2865112,-76.6148804)"
118,7/13/2015 11:17,Medium,CD,911/NO  VOICE,P151941096,800 LINDEN AV,"(39.2987980,-76.6211370)"
119,7/13/2015 11:16,Medium,WD,AUTO THEFT,P151941097,1500 BAKER ST,"(39.3069008,-76.6423785)"
120,7/13/2015 11:13,Medium,NE,DISORDERLY,P151941098,5800 MORAVIA RD,"(39.3184266,-76.5463043)"
121,7/13/2015 11:21,Medium,ED,911/NO  VOICE,P151941099,700 FALLSWAY,"(39.2977369,-76.6104654)"
122,7/13/2015 11:21,Medium,NE,911/NO  VOICE,P151941100,2500 AISQUITH ST,"(39.3173062,-76.5981803)"
123,7/13/2015 11:23,Low,ED,INTOXICATED PERS,P151941101,E NORTH AV/GREENMOUNT AV,"(39.311405,-76.609461)"
124,7/13/2015 11:23,High,WD,Traffic Stop,P151941102,1300 W NORTH AV,"(39.3104442,-76.6386008)"
125,7/13/2015 11:12,Low,NW,INVEST,P151941103,3900 DOLFIELD AV,"(39.3396920,-76.6811520)"
126,7/13/2015 11:23,Medium,WD,911/NO  VOICE,P151941104,2800 EDMONDSON AV,"(39.2945028,-76.6630105)"
127,7/13/2015 11:21,Medium,WD,DISORDERLY,P151941105,1200 MOSHER ST,"(39.3001805,-76.6373764)"
128,7/13/2015 11:18,Medium,ED,DISORDERLY,P151941107,E MONUMENT ST/FALLSWAY,"(39.297744,-76.610441)"
129,7/13/2015 11:24,Medium,SE,COMMON ASSAULT,P151941108,3100 PULASKI HY,"(39.2955346,-76.5735518)"
130,7/13/2015 11:27,Medium,CW,Lab Request,P151941109,3500 CHESTNUT AV,"(39.3300300,-76.6296080)"
131,7/13/2015 11:28,Non-Emergency,ED,Repairs/Service,P151941111,100,"(39.3810499,-76.6572571)"
132,7/13/2015 11:26,High,ND,SILENT ALARM,P151941112,400 W 24TH ST,"(39.3161592,-76.6220130)"
133,7/13/2015 11:25,Medium,CD,NARCOTICSOutside,P151941113,ST PAUL ST/E FAYETTE ST,"(39.290429,-76.613907)"
134,7/13/2015 11:27,Low,NW,INV,P151941114,2700 TALBOT RD,"(39.3173720,-76.6909770)"
135,7/13/2015 11:28,Medium,SW,HIT AND RUN,P151941115,1100 WICKLOW RD,"(39.2976070,-76.6907710)"
136,7/13/2015 11:29,Medium,CD,911/NO  VOICE,P151941116,0 S GREENE ST,"(39.2885206,-76.6236639)"
137,7/13/2015 11:27,Medium,SW,NARCOTICSOutside,P151941117,POPLAR GROVE ST/PROSPECT ST,"(39.298627,-76.665148)"
138,7/13/2015 11:31,Low,NE,OTHER,P151941119,2900 BERWICK AV,"(39.3656890,-76.5540350)"
139,7/13/2015 11:29,Non-Emergency,NE,Repo,P151941120,1500 SHEFFIELD RD,"(39.3421595,-76.5920860)"
140,7/13/2015 11:31,Medium,ND,DISORDERLY,P151941122,E 0RD ST/OLD YORK RD,"(39.328313,-76.608449)"
141,7/13/2015 11:32,Non-Emergency,CD,Repairs/Service,P151941123,100,"(39.3810499,-76.6572571)"
142,7/13/2015 11:31,Medium,WD,DISORDERLY,P151941124,2300 EDMONDSON AV,"(39.2950950,-76.6534070)"
143,7/13/2015 11:31,Low,SD,INTOXICATED PERS,P151941125,1200 GLYNDON AV,"(39.2828759,-76.6356675)"
144,7/13/2015 11:33,High,ND,Traffic Stop,P151941126,PIMLICO RD/OAKLEY AV,"(39.348741,-76.668932)"
145,7/13/2015 11:30,Low,SW,AUTO ACCIDENT,P151941127,S CATON AV/JAMES ST,"(39.258464,-76.664409)"
146,7/13/2015 11:32,Medium,CD,911/NO  VOICE,P151941128,1700 EUTAW PL,"(39.3068760,-76.6304080)"
147,7/13/2015 11:28,Low,NW,DESTRUCT PROPTY,P151941129,5300 BEAUFORT AV,"(39.3484010,-76.6821630)"
148,7/13/2015 11:34,Non-Emergency,SE,Other,P151941130,700 PRESIDENT ST,"(39.2830033,-76.6015033)"
149,7/13/2015 11:32,Medium,ND,911/NO  VOICE,P151941131,2400 W BELVEDERE AV,"(39.3549016,-76.6622292)"
150,7/13/2015 11:32,Medium,NW,DISORDERLY,P151941132,4800 GARRISON BL,"(39.3407919,-76.6835008)"
151,7/13/2015 11:34,Medium,NW,CHECK BEING,P151941134,3600 OAKMONT AV,"(39.3444490,-76.6769870)"
152,7/13/2015 11:35,High,SE,RA POLICE,P151941135,600 S BROADWAY,"(39.2844034,-76.5937380)"
153,7/13/2015 11:34,Low,ND,LARCENCY,P151941136,0 ST MARTINS RD,"(39.3347772,-76.6180794)"
154,7/13/2015 11:32,Medium,WD,DISORDERLY,P151941137,600 BAKER ST,"(39.3082782,-76.6404077)"
155,7/13/2015 11:32,Medium,WD,DISORDERLY,P151941138,1100 N FULTON AV,"(39.3010590,-76.6462480)"
156,7/13/2015 11:36,Medium,SD,Warrant Service,P151941139,SOUTHERN DISTRICT,"(39.253253,-76.615524)"
157,7/13/2015 11:35,Medium,CD,911/NO  VOICE,P151941140,0 N GREENE ST,"(39.2892172,-76.6236974)"
158,7/13/2015 11:34,Medium,SD,SUSPICIOUS PERS,P151941141,1400 HOLLINS ST,"(39.2877090,-76.6396610)"
159,7/13/2015 11:36,Low,CD,HIT AND RUN,P151941142,1000 MYRTLE AV,"(39.2964119,-76.6299970)"
160,7/13/2015 11:36,Medium,WD,COMMON ASSAULT,P151941143,2400 WESTWOOD AV,"(39.3086920,-76.6563490)"
161,7/13/2015 11:37,Low,NE,LARCENCY,P151941144,6600 MORAVIA PARK DR,"(39.3129260,-76.5360670)"
162,7/13/2015 11:37,Medium,ED,911/NO  VOICE,P151941145,700 E PRESTON ST,"(39.3050029,-76.6080622)"
163,7/13/2015 11:38,Medium,SD,NARCOTICSOutside,P151941147,1100 W PRATT ST,"(39.2858777,-76.6352564)"
164,7/13/2015 11:38,Low,SW,RECOVERED VEH,P151941148,1100 N LONGWOOD ST,"(39.3006169,-76.6672886)"
165,7/13/2015 11:39,High,NE,Traffic Stop,P151941149,HARFORD RD/CHESTERFIELD AV,"(39.331394,-76.579513)"
166,7/13/2015 11:37,Medium,WD,DISORDERLY,P151941151,1200 MOSHER ST,"(39.3001805,-76.6373764)"
167,7/13/2015 11:40,Medium,ND,911/NO  VOICE,P151941152,3500 I 83 S,"(39.3714695,-76.6105829)"
168,7/13/2015 11:42,High,SW,Traffic Stop,P151941154,4100 FREDERICK AV,"(39.2819620,-76.6834430)"
169,7/13/2015 11:40,Medium,ND,911/NO  VOICE,P151941155,2500 W BELVEDERE AV,"(39.3535492,-76.6668878)"
170,7/13/2015 11:42,Medium,WD,911/NO  VOICE,P151941156,1300 LAURENS ST,"(39.3035403,-76.6391583)"
171,7/13/2015 11:42,Medium,CD,911/NO  VOICE,P151941158,1000 CATHEDRAL ST,"(39.3011812,-76.6180370)"
172,7/13/2015 11:41,Medium,WD,DISORDERLY,P151941159,600 BAKER ST,"(39.3082782,-76.6404077)"
173,7/13/2015 11:42,Low,WD,HIT AND RUN,P151941160,1700 APPLETON ST,"(39.3079300,-76.6491790)"
174,7/13/2015 11:41,Medium,WD,DISORDERLY,P151941161,2300 REISTERSTOWN RD,"(39.3147700,-76.6486600)"
175,7/13/2015 11:42,Medium,WD,DISORDERLY,P151941162,1100 N FULTON AV,"(39.3010590,-76.6462480)"
176,7/13/2015 11:43,Low,SD,OTHER,P151941163,0TH ST/WASHBURN AV,"(39.232295,-76.596826)"
177,7/13/2015 11:43,Medium,SD,DISORDERLY,P151941164,3500 S HANOVER ST,"(39.2403956,-76.6086211)"
178,7/13/2015 11:42,Medium,SD,DISORDERLY,P151941165,1300 W PRATT ST,"(39.2855915,-76.6379934)"
179,7/13/2015 11:45,Medium,SD,DISORDERLY,P151941166,1300 S CAREY ST,"(39.2796040,-76.6343810)"
180,7/13/2015 11:41,Non-Emergency,ED,RECOVER PROPERTY,P151941167,HILLEN ST/EAST ST,"(39.296368,-76.606174)"
181,7/13/2015 11:47,Medium,NW,NARCOTICSOutside,P151941168,3900 W GARRISON AV,"(39.3434810,-76.6804120)"
182,7/13/2015 11:46,Medium,WD,COMMON ASSAULT,P151941169,2500 PENNSYLVANIA AV,"(39.3104900,-76.6435070)"
183,7/13/2015 11:45,High,NE,SILENT ALARM,P151941171,1400 STONEWOOD RD,"(39.3498058,-76.5937958)"
184,7/13/2015 11:46,Medium,SE,COMMON ASSAULT,P151941172,7000 CONLEY ST,"(39.2904218,-76.5297820)"
185,7/13/2015 11:48,Low,NE,HIT AND RUN,P151941173,3200 ROSALIE AV,"(39.3665900,-76.5428160)"
186,7/13/2015 11:47,Low,CD,LARCENCY,P151941174,400 E PRATT ST,"(39.2872661,-76.6093253)"
187,7/13/2015 11:48,Medium,NE,MISSING PERSON,P151941175,3200 RAVENWOOD AV,"(39.3154674,-76.5783686)"
188,7/13/2015 11:49,Low,SE,OTHER,P151941176,6700 BESSEMER AV,"(39.2772190,-76.5324340)"
189,7/13/2015 11:48,Medium,ND,911/NO  VOICE,P151941177,1000 TUNBRIDGE RD,"(39.3562712,-76.6005300)"
190,7/13/2015 11:49,Low,TRU,LARCENY F/AUTO,P151941178,1400 WILMER CT,"(39.3008047,-76.6322253)"
191,7/13/2015 11:46,Medium,WD,DISORDERLY,P151941180,1100 N FULTON AV,"(39.3010590,-76.6462480)"
192,7/13/2015 11:50,Medium,SW,911/NO  VOICE,P151941181,700 POPLAR GROVE ST,"(39.2956120,-76.6653450)"
193,7/13/2015 11:50,High,ND,ROBBERY ARMED,P151941182,6300 YORK RD,"(39.3708423,-76.6106243)"
194,7/13/2015 11:50,Low,SW,AUTO ACCIDENT,P151941183,JAMES ST/S CATON AV,"(39.258258,-76.664568)"
195,7/13/2015 11:52,Medium,CW,Lab Request,P151941184,100 N MILTON AV,"(39.2932140,-76.5822050)"
196,7/13/2015 11:51,Medium,SD,DISORDERLY,P151941185,3500 S HANOVER ST,"(39.2403956,-76.6086211)"
197,7/13/2015 11:50,Medium,SE,NARCOTICSOutside,P151941186,E FAYETTE ST/N BROADWAY,"(39.293965,-76.594117)"
198,7/13/2015 11:51,Medium,NW,DISORDERLY,P151941187,3700 W BELVEDERE AV,"(39.3464230,-76.6805640)"
199,7/13/2015 11:50,Medium,CD,911/NO  VOICE,P151941188,200 N CALVERT ST,"(39.2912379,-76.6124711)"
200,7/13/2015 11:52,High,SE,AUTO ACC/INJURY,P151941189,S BROADWAY/E LOMBARD ST,"(39.290367,-76.593878)"
201,7/13/2015 11:52,High,SE,AUTO ACC/INJURY,P151941190,E LOMBARD ST/S BROADWAY,"(39.290367,-76.593878)"
202,7/13/2015 11:52,High,WD,AGGRAV ASSAULT,P151941191,1600 VINCENT CT,"(39.3067502,-76.6441329)"
203,7/13/2015 11:53,Medium,SE,911/NO  VOICE,P151941192,5600 O'DONNELL ST,"(39.2788350,-76.5466052)"
204,7/13/2015 11:54,Low,ED,WANTED ON WARR,P151941193,1400 E NORTH AV,"(39.3123832,-76.5987197)"
205,7/13/2015 11:39,Low,CD,INTOXICATED PERS,P151941194,GUILFORD AV/E MADISON ST,"(39.298763,-76.611584)"
206,7/13/2015 11:54,Low,ED,WANTED ON WARR,P151941195,1400 E NORTH AV,"(39.3123832,-76.5987197)"
207,7/13/2015 11:55,High,NE,Traffic Stop,P151941196,3100 CHESTERFIELD AV,"(39.3238650,-76.5681070)"
208,7/13/2015 11:55,High,SE,AUTO ACC/INJURY,P151941197,S BROADWAY/E LOMBARD ST,"(39.290367,-76.593878)"
209,7/13/2015 11:52,Medium,SE,911/NO  VOICE,P151941198,700 S EXETER ST,"(39.2832526,-76.6001808)"
210,7/13/2015 11:46,Medium,ED,DISORDERLY,P151941199,600 FALLSWAY,"(39.2962616,-76.6099423)"
211,7/13/2015 11:53,Low,CD,DISABLED VEH,P151941200,EUTAW PL/W NORTH AV,"(39.310329,-76.633904)"
212,7/13/2015 19:33,Medium,SW,DISORDERLY,P151942849,1700 MONTEREY ST,"(39.2703957,-76.6515146)"
213,7/13/2015 19:34,Medium,SW,DISORDERLY,P151942850,400 N HILTON ST,"(39.2919240,-76.6729510)"
214,7/13/2015 19:34,Medium,NW,DISORDERLY,P151942851,5000 DENMORE AV,"(39.3465640,-76.6752430)"
215,7/13/2015 19:35,Medium,SW,911/NO  VOICE,P151942852,700 POPLAR GROVE ST,"(39.2956120,-76.6653450)"
216,7/13/2015 19:36,Non-Emergency,SE,Foot  Patrol,P151942853,N LAKEWOOD AV/E BALTIMORE ST,"(39.292115,-76.579014)"
217,7/13/2015 19:36,High,WD,Traffic Stop,P151942854,1600 BLK GWYNNS FALLS PY,"(39.2903848,-76.6121893)"
218,7/13/2015 19:37,High,SD,RA POLICE,P151942856,900 E PATAPSCO AV,"(39.2350930,-76.5971890)"
219,7/13/2015 19:34,Medium,NE,911/NO  VOICE,P151942857,5800 RADECKE AV,"(39.3305689,-76.5340280)"
220,7/13/2015 19:35,Low,WD,Traffic Control,P151942858,N FULTON AV/W NORTH AV,"(39.309894,-76.646364)"
221,7/13/2015 19:32,Medium,NW,NARCOTICSOutside,P151942859,LIBERTY HEIGHTS AV/BURLEITH AV,"(39.320550,-76.659333)"
222,7/13/2015 19:32,Medium,ED,DISORDERLY,P151942860,1500 E BIDDLE ST,"(39.3041617,-76.5979135)"
223,7/13/2015 19:31,Low,ND,INVESTIGATION,P151942861,NB I 100 N/NB I 100 EXIT 8 TO FALLS ROAD,"(39.3519523,-76.6429372)"
224,7/13/2015 19:37,Medium,SE,DISORDERLY,P151942862,100 S CHAPEL ST,"(39.2905310,-76.5897345)"
225,7/13/2015 19:39,High,NE,Traffic Stop,P151942863,CHESTERFIELD AV/BELAIR RD,"(39.324698,-76.569613)"
226,7/13/2015 11:53,Low,ED,IVESTIGATE,P151941201,1900 BLK BELAIR RD,"(39.3129300,-76.5842060)"
227,7/13/2015 11:57,Medium,CW,Lab Request,P151941202,6300 YORK RD,"(39.3477099,-76.6074868)"
228,7/13/2015 11:56,Medium,ND,911/NO  VOICE,P151941203,200 E UNIVERSITY PY,"(39.2903848,-76.6121893)"
229,7/13/2015 11:54,Medium,ED,DISORDERLY,P151941206,MCELDERRY ST/N CHESTER ST,"(39.297517,-76.587813)"
230,7/13/2015 11:58,High,NW,RA POLICE,P151941207,3700 COLUMBUS DR,"(39.3375650,-76.6753320)"
231,7/13/2015 11:58,Non-Emergency,SD,Foot  Patrol,P151941209,W PRATT ST/S PAYSON ST,"(39.285089,-76.648494)"
232,7/13/2015 11:58,Medium,SE,SICK CASE,P151941210,600 OLDHAM ST,"(39.2859360,-76.5559780)"
233,7/13/2015 11:58,Medium,NE,911/NO  VOICE,P151941211,1300 E NORTHERN PY,"(39.2903848,-76.6121893)"
234,7/13/2015 11:56,Medium,SE,NARCOTICSOutside,P151941212,500 BLK N GLOVER ST,"(39.2968266,-76.5800734)"
235,7/13/2015 11:58,Medium,SE,NARCOTICSOutside,P151941214,6100 BLK CARDIFF AV,"(39.2764492,-76.5434055)"
236,7/13/2015 11:58,Medium,ED,NARCOTICSOutside,P151941215,2300 BLK E PRESTON ST,"(39.3059142,-76.5851245)"
237,7/13/2015 11:57,Low,NE,LARCENCY,P151941217,6700 PULASKI HY,"(39.3059536,-76.5375416)"
238,7/13/2015 12:00,High,SW,Traffic Stop,P151941218,300 YALE AV,"(39.2816592,-76.6856120)"
239,7/13/2015 12:00,Medium,CW,Lab Request,P151941219,NORTHEAST DISTRICT,"(39.340482,-76.582041)"
240,7/13/2015 12:00,Medium,CD,911/NO  VOICE,P151941220,700 DRUID HILL AV,"(39.2974446,-76.6231353)"
241,7/13/2015 11:56,Low,WD,LOST PROPERTY,P151941221,2300 REISTERSTOWN RD,"(39.3147700,-76.6486600)"
242,7/13/2015 12:00,Non-Emergency,NW,FOLLOW UP,P151941222,4200 REISTERSTOWN RD,"(39.3360770,-76.6660780)"
243,7/13/2015 12:00,Medium,ND,911/NO  VOICE,P151941223,200 E UNIVERSITY PY,"(39.2903848,-76.6121893)"
244,7/13/2015 12:01,Low,SE,SIGNAL OUT,P151941224,S BOND ST/EASTERN AV,"(39.285490,-76.595377)"
245,7/13/2015 12:02,Low,NE,INVEST,P151941225,4300 HILLEN RD,"(39.3418475,-76.5873262)"
246,7/13/2015 12:01,Low,TRU,LARCENY F/AUTO,P151941226,PULASKI HY/N STREEPER ST,"(39.294995,-76.577080)"
247,7/13/2015 12:03,High,ND,Traffic Stop,P151941227,3000 DUPONT AV,"(39.3444250,-76.6657560)"
248,7/13/2015 12:01,Medium,ND,DISORDERLY,P151941228,3000 GREENMOUNT AV,"(39.3249560,-76.6098260)"
249,7/13/2015 12:04,High,CD,Traffic Stop,P151941229,300 W NORTH AV,"(39.3109749,-76.6239038)"
250,7/13/2015 12:03,Medium,ED,911/NO  VOICE,P151941230,1000 EDISON HY,"(39.3029101,-76.5728709)"
251,7/13/2015 12:01,Low,SW,LARCENCY,P151941231,FREDERICK AV/S LOUDON AV,"(39.281764,-76.682125)"
252,7/13/2015 12:03,Low,SE,AUTO ACCIDENT,P151941232,200 DOUGLAS CT,"(39.2945216,-76.5966768)"
253,7/13/2015 12:03,Low,SD,INVEST PROBLEM,P151941233,3600 S HANOVER ST,"(39.2384200,-76.6098396)"
254,7/13/2015 12:03,Medium,ED,DISORDERLY,P151941234,1600 ASHLAND AV,"(39.3004560,-76.5962986)"
255,7/13/2015 12:05,Medium,ND,DISORDERLY,P151941235,5200 YORK RD,"(39.3522360,-76.6105171)"
256,7/13/2015 12:04,Medium,SE,SEE TEXT,P151941236,100 N MILTON AV,"(39.2932140,-76.5822050)"
257,7/13/2015 12:05,Medium,SD,BURGLARY,P151941237,500 SCOTT ST,"(39.2829562,-76.6288461)"
258,7/13/2015 12:07,High,ED,Traffic Stop,P151941238,1600 BLK E 25TH ST,"(39.3167095,-76.5951248)"
259,7/13/2015 12:06,Medium,SD,911/NO  VOICE,P151941239,900 S CHARLES ST,"(39.2788390,-76.6147320)"
260,7/13/2015 12:06,High,ED,SHOOTING,P151941240,800 BLK N BELNORD AV,"(39.3003434,-76.5790379)"
261,7/13/2015 12:06,Medium,NW,911/NO  VOICE,P151941241,4100 PATTERSON AV,"(39.3474337,-76.7143176)"
262,7/13/2015 12:06,High,ED,SHOOTING,P151941242,800 BLK N BELNORD AV,"(39.3003434,-76.5790379)"
263,7/13/2015 12:07,Low,CD,INVESTIGATE,P151941243,600 E FAYETTE ST,"(39.2906737,-76.6071600)"
264,7/13/2015 12:07,Medium,SD,SICK CASE,P151941244,1300 GLYNDON AV,"(39.2816351,-76.6372529)"
265,7/13/2015 12:06,Low,WD,INVEST,P151941245,1700 W LEXINGTON ST,"(39.2908640,-76.6441260)"
266,7/13/2015 12:07,Medium,SE,911/NO  VOICE,P151941247,100 N LUZERNE AV,"(39.2932710,-76.5807600)"
267,7/13/2015 12:07,Medium,ED,AED NONBREATHING,P151941248,N BELNORD AV/E MADISON ST,"(39.300038,-76.578846)"
268,7/13/2015 12:09,Medium,WD,DISORDERLY,P151941249,600 BAKER ST,"(39.3082782,-76.6404077)"
269,7/13/2015 12:09,Medium,CD,911/NO  VOICE,P151941250,600 E FAYETTE ST,"(39.2906737,-76.6071600)"
270,7/13/2015 12:10,Low,SD,SEE TEXT,P151941251,3800 10TH ST,"(39.2322743,-76.5971260)"
271,7/13/2015 12:10,Medium,NW,911/NO  VOICE,P151941252,4900 LIBERTY HEIGHTS AV,"(39.3326697,-76.6986428)"
272,7/13/2015 12:09,Medium,CD,COMMON ASSAULT,P151941253,W BALTIMORE ST/N EUTAW ST,"(39.289308,-76.620916)"
273,7/13/2015 12:09,Low,NW,INVESTIGATE AUTO,P151941254,MAINE AV/GRANADA AV,"(39.327680,-76.687978)"
274,7/13/2015 12:11,Medium,ED,911/NO  VOICE,P151941255,1800 N PATTERSON PARK AV,"(39.3109903,-76.5858963)"
275,7/13/2015 12:10,Medium,ED,COMMON ASSAULT,P151941256,1800 N PORT ST,"(39.3114120,-76.5839899)"
276,7/13/2015 12:10,Low,NW,POLICE ESCORT,P151941257,3000 W GARRISON AV,"(39.3488260,-76.6715370)"
277,7/13/2015 12:11,Medium,NE,NARCOTICSOutside,P151941259,E COLD SPRING LN/LOCH RAVEN BL,"(39.346056,-76.592240)"
278,7/13/2015 12:07,High,ED,SHOOTING,P151941260,900 N BELNORD AV,"(39.3014262,-76.5790890)"
279,7/13/2015 12:13,High,WD,AGGRAV ASSAULT,P151941261,RIGGS AV/N FULTON AV,"(39.300954,-76.645970)"
280,7/13/2015 12:12,Medium,SW,LARCENCY,P151941262,700 WINANS WY,"(39.2955330,-76.6998090)"
281,7/13/2015 12:14,High,SD,FIRE,P151941263,1200 W CROSS ST,"(39.2821053,-76.6311903)"
282,7/13/2015 12:11,Medium,SE,DISORDERLY,P151941265,E LOMBARD ST/S EATON ST,"(39.291472,-76.565612)"
283,7/13/2015 12:15,High,CD,Traffic Stop,P151941266,200 E LOMBARD ST,"(39.2880377,-76.6116088)"
284,7/13/2015 12:13,Medium,NW,DISORDERLY,P151941267,3600 PARK HEIGHTS AV,"(39.3294110,-76.6593910)"
285,7/13/2015 12:15,Non-Emergency,NE,Court,P151941268,CIRCUIT CRT,"(39.290431,-76.612477)"
286,7/13/2015 12:13,Non-Emergency,CD,Private Tow,P151941269,300 GUILFORD AV,"(39.2924842,-76.6111877)"
287,7/13/2015 12:15,Medium,WD,DISORDERLY,P151941270,2200 W LANVALE ST,"(39.2972540,-76.6525670)"
288,7/13/2015 12:12,Low,ED,INTOXICATED PERS,P151941271,N WASHINGTON ST/E OLIVER ST,"(39.307671,-76.590140)"
289,7/13/2015 12:14,Low,SW,AUTO ACCIDENT,P151941272,3200 JAMES ST,"(39.2596800,-76.6636120)"
290,7/13/2015 12:14,Low,SW,AUTO ACCIDENT,P151941273,JAMES ST/S CATON AV,"(39.258258,-76.664568)"
291,7/13/2015 12:14,Low,ED,AUTO ACCIDENT,P151941274,400 ENSOR ST,"(39.2955280,-76.6058539)"
292,7/13/2015 12:15,Low,TRU,LARCENY F/AUTO,P151941275,LOCH RAVEN RD/E 0TH ST,"(39.318214,-76.607024)"
293,7/13/2015 12:15,Low,ED,AUTO ACCIDENT,P151941276,400 BLK ENSOR ST,"(39.2955280,-76.6058539)"
294,7/13/2015 12:15,Non-Emergency,NW,UNAUTHORIZED USE,P151941277,4200 REISTERSTOWN RD,"(39.3360770,-76.6660780)"
295,7/13/2015 12:15,High,NW,SILENT ALARM,P151941278,4000 CHATHAM RD,"(39.3307010,-76.6849420)"
296,7/13/2015 12:16,Medium,CD,DISORDERLY,P151941279,1200 DRUID HILL AV,"(39.3011229,-76.6278560)"
297,7/13/2015 12:18,Low,SE,Transport,P151941280,SOUTHEAST DISTRICT,"(39.287496,-76.547644)"
298,7/13/2015 12:18,High,SD,RA POLICE,P151941281,1200 W CROSS ST,"(39.2821053,-76.6311903)"
